param,value,hate_rate,condition,minority_win,regret
intimidation,0.0,0.0,quadratic-equal,0.605,0.08434
intimidation,0.0,0.0,pol2,0.57,0.09498
intimidation,0.0,0.1,quadratic-equal,0.6425,0.07828
intimidation,0.0,0.1,pol2,0.665,0.07235
intimidation,0.0,0.2,quadratic-equal,0.6525,0.07487
intimidation,0.0,0.2,pol2,0.7325,0.05444
intimidation,0.0,0.3,quadratic-equal,0.63,0.07794
intimidation,0.0,0.3,pol2,0.7325,0.05169
intimidation,0.0,0.4,quadratic-equal,0.65,0.07465
intimidation,0.0,0.4,pol2,0.8275,0.03167
intimidation,0.0,0.5,quadratic-equal,0.6625,0.07307
intimidation,0.0,0.5,pol2,0.8725,0.02167
intimidation,0.0,0.6,quadratic-equal,0.665,0.07091
intimidation,0.0,0.6,pol2,0.9,0.01622
intimidation,0.2,0.0,quadratic-equal,0.69,0.06866
intimidation,0.2,0.0,pol2,0.615,0.08475
intimidation,0.2,0.1,quadratic-equal,0.54,0.10225
intimidation,0.2,0.1,pol2,0.6225,0.07894
intimidation,0.2,0.2,quadratic-equal,0.535,0.10427
intimidation,0.2,0.2,pol2,0.7175,0.05503
intimidation,0.2,0.3,quadratic-equal,0.5725,0.09517
intimidation,0.2,0.3,pol2,0.7775,0.04393
intimidation,0.2,0.4,quadratic-equal,0.53,0.10801
intimidation,0.2,0.4,pol2,0.7675,0.04439
intimidation,0.2,0.5,quadratic-equal,0.56,0.09835
intimidation,0.2,0.5,pol2,0.8825,0.02102
intimidation,0.2,0.6,quadratic-equal,0.4775,0.12128
intimidation,0.2,0.6,pol2,0.905,0.01655
intimidation,0.4,0.0,quadratic-equal,0.6625,0.07304
intimidation,0.4,0.0,pol2,0.6,0.08501
intimidation,0.4,0.1,quadratic-equal,0.43,0.13427
intimidation,0.4,0.1,pol2,0.63,0.07704
intimidation,0.4,0.2,quadratic-equal,0.4425,0.13294
intimidation,0.4,0.2,pol2,0.7125,0.0555
intimidation,0.4,0.3,quadratic-equal,0.465,0.12431
intimidation,0.4,0.3,pol2,0.7825,0.04278
intimidation,0.4,0.4,quadratic-equal,0.4675,0.12548
intimidation,0.4,0.4,pol2,0.805,0.03745
intimidation,0.4,0.5,quadratic-equal,0.4275,0.13362
intimidation,0.4,0.5,pol2,0.8675,0.02332
intimidation,0.4,0.6,quadratic-equal,0.4025,0.13992
intimidation,0.4,0.6,pol2,0.9025,0.01568
intimidation,0.6,0.0,quadratic-equal,0.6825,0.06994
intimidation,0.6,0.0,pol2,0.5675,0.09432
intimidation,0.6,0.1,quadratic-equal,0.3275,0.15906
intimidation,0.6,0.1,pol2,0.6475,0.07555
intimidation,0.6,0.2,quadratic-equal,0.325,0.16551
intimidation,0.6,0.2,pol2,0.7075,0.05824
intimidation,0.6,0.3,quadratic-equal,0.315,0.16274
intimidation,0.6,0.3,pol2,0.755,0.04961
intimidation,0.6,0.4,quadratic-equal,0.29,0.17458
intimidation,0.6,0.4,pol2,0.8,0.03686
intimidation,0.6,0.5,quadratic-equal,0.2825,0.17824
intimidation,0.6,0.5,pol2,0.88,0.022
intimidation,0.6,0.6,quadratic-equal,0.2325,0.19175
intimidation,0.6,0.6,pol2,0.9,0.01702
intimidation,0.8,0.0,quadratic-equal,0.6975,0.06357
intimidation,0.8,0.0,pol2,0.6,0.087
intimidation,0.8,0.1,quadratic-equal,0.275,0.17911
intimidation,0.8,0.1,pol2,0.6325,0.07712
intimidation,0.8,0.2,quadratic-equal,0.185,0.20966
intimidation,0.8,0.2,pol2,0.7125,0.05832
intimidation,0.8,0.3,quadratic-equal,0.16,0.21672
intimidation,0.8,0.3,pol2,0.7975,0.03958
intimidation,0.8,0.4,quadratic-equal,0.1675,0.21028
intimidation,0.8,0.4,pol2,0.825,0.03417
intimidation,0.8,0.5,quadratic-equal,0.1625,0.21614
intimidation,0.8,0.5,pol2,0.875,0.02297
intimidation,0.8,0.6,quadratic-equal,0.155,0.22002
intimidation,0.8,0.6,pol2,0.9275,0.01269
intimidation,1.0,0.0,quadratic-equal,0.6475,0.07531
intimidation,1.0,0.0,pol2,0.6175,0.08256
intimidation,1.0,0.1,quadratic-equal,0.1525,0.21417
intimidation,1.0,0.1,pol2,0.685,0.06564
intimidation,1.0,0.2,quadratic-equal,0.11,0.23086
intimidation,1.0,0.2,pol2,0.695,0.06357
intimidation,1.0,0.3,quadratic-equal,0.085,0.23406
intimidation,1.0,0.3,pol2,0.755,0.05011
intimidation,1.0,0.4,quadratic-equal,0.09,0.2417
intimidation,1.0,0.4,pol2,0.7875,0.03996
intimidation,1.0,0.5,quadratic-equal,0.075,0.23847
intimidation,1.0,0.5,pol2,0.87,0.02384
intimidation,1.0,0.6,quadratic-equal,0.075,0.24257
intimidation,1.0,0.6,pol2,0.93,0.01214
persuasion,0.0,0.0,quadratic-equal,0.135,0.2243
persuasion,0.0,0.0,pol2,0.14,0.2189
persuasion,0.0,0.1,quadratic-equal,0.145,0.2189
persuasion,0.0,0.1,pol2,0.135,0.22367
persuasion,0.0,0.2,quadratic-equal,0.09,0.23088
persuasion,0.0,0.2,pol2,0.12,0.2257
persuasion,0.0,0.3,quadratic-equal,0.115,0.23193
persuasion,0.0,0.3,pol2,0.1375,0.22456
persuasion,0.0,0.4,quadratic-equal,0.13,0.22368
persuasion,0.0,0.4,pol2,0.1325,0.22518
persuasion,0.0,0.5,quadratic-equal,0.13,0.22874
persuasion,0.0,0.5,pol2,0.13,0.22791
persuasion,0.0,0.6,quadratic-equal,0.1175,0.22852
persuasion,0.0,0.6,pol2,0.11,0.22682
persuasion,0.12,0.0,quadratic-equal,0.3175,0.16892
persuasion,0.12,0.0,pol2,0.29,0.17154
persuasion,0.12,0.1,quadratic-equal,0.23,0.19558
persuasion,0.12,0.1,pol2,0.2475,0.18275
persuasion,0.12,0.2,quadratic-equal,0.195,0.20299
persuasion,0.12,0.2,pol2,0.3175,0.16964
persuasion,0.12,0.3,quadratic-equal,0.2,0.20275
persuasion,0.12,0.3,pol2,0.3375,0.1603
persuasion,0.12,0.4,quadratic-equal,0.1925,0.20125
persuasion,0.12,0.4,pol2,0.345,0.15517
persuasion,0.12,0.5,quadratic-equal,0.18,0.20649
persuasion,0.12,0.5,pol2,0.3625,0.14784
persuasion,0.12,0.6,quadratic-equal,0.2125,0.19601
persuasion,0.12,0.6,pol2,0.4325,0.13405
persuasion,0.24,0.0,quadratic-equal,0.5625,0.09848
persuasion,0.24,0.0,pol2,0.465,0.12311
persuasion,0.24,0.1,quadratic-equal,0.305,0.17094
persuasion,0.24,0.1,pol2,0.5075,0.112
persuasion,0.24,0.2,quadratic-equal,0.3475,0.16115
persuasion,0.24,0.2,pol2,0.5575,0.10046
persuasion,0.24,0.3,quadratic-equal,0.3475,0.1606
persuasion,0.24,0.3,pol2,0.555,0.09581
persuasion,0.24,0.4,quadratic-equal,0.325,0.16289
persuasion,0.24,0.4,pol2,0.64,0.0777
persuasion,0.24,0.5,quadratic-equal,0.3225,0.16261
persuasion,0.24,0.5,pol2,0.7475,0.04994
persuasion,0.24,0.6,quadratic-equal,0.2725,0.17696
persuasion,0.24,0.6,pol2,0.84,0.0298
persuasion,0.36,0.0,quadratic-equal,0.7525,0.05069
persuasion,0.36,0.0,pol2,0.7375,0.05189
persuasion,0.36,0.1,quadratic-equal,0.52,0.10919
persuasion,0.36,0.1,pol2,0.7425,0.04995
persuasion,0.36,0.2,quadratic-equal,0.4375,0.13086
persuasion,0.36,0.2,pol2,0.81,0.03483
persuasion,0.36,0.3,quadratic-equal,0.465,0.12575
persuasion,0.36,0.3,pol2,0.87,0.0232
persuasion,0.36,0.4,quadratic-equal,0.4625,0.12635
persuasion,0.36,0.4,pol2,0.925,0.01339
persuasion,0.36,0.5,quadratic-equal,0.3675,0.15055
persuasion,0.36,0.5,pol2,0.9425,0.00903
persuasion,0.36,0.6,quadratic-equal,0.4475,0.13094
persuasion,0.36,0.6,pol2,0.9725,0.00401
persuasion,0.48,0.0,quadratic-equal,0.91,0.01777
persuasion,0.48,0.0,pol2,0.925,0.01269
persuasion,0.48,0.1,quadratic-equal,0.62,0.08683
persuasion,0.48,0.1,pol2,0.925,0.01189
persuasion,0.48,0.2,quadratic-equal,0.5825,0.09308
persuasion,0.48,0.2,pol2,0.9425,0.00907
persuasion,0.48,0.3,quadratic-equal,0.5275,0.10659
persuasion,0.48,0.3,pol2,0.9725,0.00393
persuasion,0.48,0.4,quadratic-equal,0.5375,0.10314
persuasion,0.48,0.4,pol2,0.985,0.00175
persuasion,0.48,0.5,quadratic-equal,0.5525,0.09998
persuasion,0.48,0.5,pol2,0.99,0.00119
persuasion,0.48,0.6,quadratic-equal,0.575,0.09857
persuasion,0.48,0.6,pol2,1,0.0
persuasion,0.6,0.0,quadratic-equal,0.9625,0.00707
persuasion,0.6,0.0,pol2,0.975,0.00349
persuasion,0.6,0.1,quadratic-equal,0.725,0.0587
persuasion,0.6,0.1,pol2,0.975,0.00293
persuasion,0.6,0.2,quadratic-equal,0.705,0.06406
persuasion,0.6,0.2,pol2,0.9925,0.00061
persuasion,0.6,0.3,quadratic-equal,0.73,0.05917
persuasion,0.6,0.3,pol2,0.9975,0.0003
persuasion,0.6,0.4,quadratic-equal,0.665,0.07476
persuasion,0.6,0.4,pol2,0.9975,0.00047
persuasion,0.6,0.5,quadratic-equal,0.7075,0.06546
persuasion,0.6,0.5,pol2,1,0.0
persuasion,0.6,0.6,quadratic-equal,0.6775,0.06995
persuasion,0.6,0.6,pol2,1,0.0
