intensity,condition,behavior,minority_win,minority_win_ci,optimum_hit,optimum_is_minority_fav,regret,regret_ci
0.3,ranked-equal,sincere,0.067,0.0155,0.919,0.146,0.00216,0.00055
0.3,ranked-equal,strategic,0.049,0.01339,0.87,0.165,0.00558,0.00118
0.3,quadratic-equal,sincere,0.074,0.01623,0.926,0.146,0.00187,0.0005
0.3,quadratic-equal,strategic,0.109,0.01933,0.93,0.165,0.00168,0.00047
0.3,pol2,sincere,0.147,0.02196,0.97,0.163,0.00018,8e-05
0.3,pol2,strategic,0.157,0.02256,0.943,0.134,0.00133,0.00042
0.4,ranked-equal,sincere,0.193,0.02447,0.779,0.412,0.00703,0.0011
0.4,ranked-equal,strategic,0.062,0.01495,0.673,0.387,0.01843,0.00221
0.4,quadratic-equal,sincere,0.22,0.02569,0.808,0.412,0.00514,0.00085
0.4,quadratic-equal,strategic,0.152,0.02226,0.759,0.387,0.00981,0.00143
0.4,pol2,sincere,0.362,0.0298,0.944,0.394,0.00055,0.00019
0.4,pol2,strategic,0.279,0.02781,0.849,0.404,0.0043,0.00086
0.5,ranked-equal,sincere,0.33,0.02916,0.639,0.691,0.01601,0.00171
0.5,ranked-equal,strategic,0.08,0.01682,0.423,0.657,0.04343,0.00322
0.5,quadratic-equal,sincere,0.388,0.03022,0.697,0.691,0.01176,0.00144
0.5,quadratic-equal,strategic,0.167,0.02313,0.51,0.657,0.03125,0.00262
0.5,pol2,sincere,0.625,0.03002,0.941,0.67,0.00087,0.00028
0.5,pol2,strategic,0.331,0.02918,0.679,0.652,0.01439,0.00167
0.6,ranked-equal,sincere,0.467,0.03094,0.579,0.888,0.02774,0.00249
0.6,ranked-equal,strategic,0.096,0.01827,0.238,0.858,0.08261,0.00426
0.6,quadratic-equal,sincere,0.545,0.03088,0.657,0.888,0.01994,0.00209
0.6,quadratic-equal,strategic,0.21,0.02526,0.352,0.858,0.06183,0.00381
0.6,pol2,sincere,0.784,0.02552,0.912,0.87,0.0018,0.00046
0.6,pol2,strategic,0.438,0.03077,0.56,0.878,0.031,0.00267
0.7,ranked-equal,sincere,0.596,0.03043,0.618,0.978,0.03532,0.00323
0.7,ranked-equal,strategic,0.133,0.02106,0.161,0.972,0.12365,0.00486
0.7,quadratic-equal,sincere,0.684,0.02883,0.706,0.978,0.0234,0.00258
0.7,quadratic-equal,strategic,0.254,0.02699,0.282,0.972,0.09641,0.00474
0.7,pol2,sincere,0.905,0.01818,0.931,0.97,0.00236,0.00065
0.7,pol2,strategic,0.558,0.0308,0.575,0.983,0.04367,0.0037
0.8,ranked-equal,sincere,0.708,0.0282,0.71,0.998,0.03683,0.00389
0.8,ranked-equal,strategic,0.147,0.02196,0.15,0.997,0.15859,0.00556
0.8,quadratic-equal,sincere,0.797,0.02494,0.799,0.998,0.0226,0.00304
0.8,quadratic-equal,strategic,0.317,0.02885,0.32,0.997,0.11442,0.00567
0.8,pol2,sincere,0.965,0.0114,0.969,0.996,0.00157,0.00061
0.8,pol2,strategic,0.656,0.02946,0.658,0.998,0.04677,0.00438
0.9,ranked-equal,sincere,0.776,0.02585,0.776,1,0.0364,0.00438
0.9,ranked-equal,strategic,0.171,0.02335,0.171,1,0.19062,0.00636
0.9,quadratic-equal,sincere,0.875,0.02051,0.875,1,0.0178,0.00306
0.9,quadratic-equal,strategic,0.336,0.02929,0.336,1,0.14221,0.00685
0.9,pol2,sincere,0.982,0.00824,0.982,1,0.00121,0.00063
0.9,pol2,strategic,0.713,0.02805,0.713,1,0.0494,0.0051
1.0,ranked-equal,sincere,0.815,0.02408,0.815,1,0.03417,0.00458
1.0,ranked-equal,strategic,0.201,0.02485,0.201,1,0.20246,0.00699
1.0,quadratic-equal,sincere,0.9,0.0186,0.9,1,0.01676,0.00322
1.0,quadratic-equal,strategic,0.378,0.03007,0.378,1,0.14834,0.00757
1.0,pol2,sincere,0.994,0.00479,0.994,1,0.00045,0.0004
1.0,pol2,strategic,0.753,0.02674,0.753,1,0.04849,0.00541
