sweep,value,condition,minority_win,minority_win_ci,regret,minority_voice_share,nakamoto,nakamoto_ci,influence_gini
n,10,ranked-20/80,0.125,0.02649,0.22198,0.07594,2,0.0,0.6
n,10,quadratic-equal,0.43,0.03965,0.11844,0.12483,5,0.0,0.07122
n,10,pol2,0.63167,0.03863,0.06257,0.2,5,0.0,0.07009
n,15,ranked-20/80,0.19333,0.03163,0.20596,0.07093,2,0.0,0.6
n,15,quadratic-equal,0.42,0.03953,0.1313,0.12004,7,0.0,0.07252
n,15,pol2,0.72167,0.03589,0.05406,0.2,7.00167,0.00327,0.0706
n,25,ranked-20/80,0.09,0.02292,0.24265,0.07029,4,0.0,0.6
n,25,quadratic-equal,0.33,0.03766,0.1592,0.11547,11.78833,0.03271,0.07461
n,25,pol2,0.76,0.0342,0.0478,0.2,11.90167,0.02385,0.07279
n,40,ranked-20/80,0.045,0.0166,0.25759,0.06879,6,0.0,0.6
n,40,quadratic-equal,0.32833,0.03761,0.16881,0.11447,18.215,0.0329,0.0748
n,40,pol2,0.80333,0.03183,0.04082,0.2,18.42167,0.03955,0.07257
n,60,ranked-20/80,0.02167,0.01166,0.26439,0.06721,8,0.0,0.6
n,60,quadratic-equal,0.28,0.03596,0.18472,0.11272,27.13333,0.02875,0.07551
n,60,pol2,0.86667,0.02722,0.02862,0.2,27.43833,0.03974,0.07261
n,100,ranked-20/80,0.00833,0.00728,0.26786,0.06772,13,0.0,0.6
n,100,quadratic-equal,0.22,0.03317,0.20379,0.11292,44.98,0.03132,0.07569
n,100,pol2,0.90667,0.0233,0.02039,0.2,45.33333,0.03887,0.0729
minority_frac,0.1,ranked-20/80,0.06833,0.02021,0.01257,0.02798,4,0.0,0.6
minority_frac,0.1,quadratic-equal,0.01333,0.00919,0.00993,0.04533,11.95667,0.01631,0.06625
minority_frac,0.1,pol2,0.04833,0.01718,0.00932,0.08,11.98,0.01121,0.06324
minority_frac,0.2,ranked-20/80,0.09833,0.02385,0.23587,0.07098,4,0.0,0.6
minority_frac,0.2,quadratic-equal,0.33,0.03766,0.1623,0.11744,11.84,0.02936,0.07376
minority_frac,0.2,pol2,0.78333,0.03299,0.04086,0.2,11.93167,0.02021,0.07161
minority_frac,0.3,ranked-20/80,0.14,0.02779,0.4152,0.11422,4,0.0,0.6
minority_frac,0.3,quadratic-equal,0.96333,0.01505,0.01514,0.1994,11.40167,0.03926,0.08038
minority_frac,0.3,pol2,1,0.0,0.0,0.32,11.48333,0.04002,0.08019
minority_frac,0.4,ranked-20/80,0.195,0.03173,0.47159,0.15153,4,0.0,0.6
minority_frac,0.4,quadratic-equal,1,0.0,0.0,0.25942,11.015,0.00973,0.08364
minority_frac,0.4,pol2,1,0.0,0.0,0.4,11.00833,0.00728,0.08325
