scenario,auroc,false_flag_rate,minority_win,minority_win_ci,no_screening,gain,hostile_miss_rate,benign_flag_rate
hostile,0.7,0.005,0.695,0.03687,0.69333,0.00167,0.96569,0.00436
hostile,0.7,0.01,0.70833,0.0364,0.69333,0.015,0.94345,0.01087
hostile,0.7,0.02,0.71,0.03634,0.69333,0.01667,0.9011,0.01984
hostile,0.7,0.05,0.69,0.03704,0.69333,-0.00333,0.81845,0.05046
hostile,0.7,0.1,0.76167,0.03412,0.69333,0.06833,0.69731,0.10081
hostile,0.7,0.2,0.74667,0.03483,0.69333,0.05333,0.53222,0.20087
hostile,0.8,0.005,0.71333,0.03621,0.69333,0.02,0.92037,0.00483
hostile,0.8,0.01,0.705,0.03652,0.69333,0.01167,0.87125,0.00998
hostile,0.8,0.02,0.71833,0.03602,0.69333,0.025,0.80708,0.02034
hostile,0.8,0.05,0.71167,0.03628,0.69333,0.01833,0.67091,0.05062
hostile,0.8,0.1,0.72833,0.03562,0.69333,0.035,0.53938,0.09926
hostile,0.8,0.2,0.78833,0.03271,0.69333,0.095,0.36251,0.19898
hostile,0.886,0.005,0.72,0.03596,0.69333,0.02667,0.80555,0.00539
hostile,0.886,0.01,0.71667,0.03609,0.69333,0.02333,0.7281,0.00866
hostile,0.886,0.02,0.75167,0.0346,0.69333,0.05833,0.62973,0.01862
hostile,0.886,0.05,0.79167,0.03252,0.69333,0.09833,0.47823,0.04991
hostile,0.886,0.1,0.79333,0.03243,0.69333,0.1,0.32972,0.09959
hostile,0.886,0.2,0.81833,0.03088,0.69333,0.125,0.19558,0.19927
hostile,0.95,0.005,0.77,0.0337,0.69333,0.07667,0.59943,0.00486
hostile,0.95,0.01,0.78833,0.03271,0.69333,0.095,0.49834,0.01074
hostile,0.95,0.02,0.78333,0.03299,0.69333,0.09,0.38914,0.02031
hostile,0.95,0.05,0.80333,0.03183,0.69333,0.11,0.24677,0.0481
hostile,0.95,0.1,0.84,0.02936,0.69333,0.14667,0.14836,0.09906
hostile,0.95,0.2,0.84333,0.02911,0.69333,0.15,0.06824,0.20179
hostile,0.99,0.005,0.80167,0.03193,0.69333,0.10833,0.23822,0.00484
hostile,0.99,0.01,0.835,0.02973,0.69333,0.14167,0.16459,0.01041
hostile,0.99,0.02,0.83833,0.02948,0.69333,0.145,0.10838,0.01995
hostile,0.99,0.05,0.86667,0.02722,0.69333,0.17333,0.0528,0.05072
hostile,0.99,0.1,0.87,0.02693,0.69333,0.17667,0.0205,0.10184
hostile,0.99,0.2,0.84167,0.02923,0.69333,0.14833,0.00711,0.19923
baseline,0.7,0.005,0.67333,0.03756,0.67833,-0.005,nan,0.00447
baseline,0.7,0.01,0.66667,0.03775,0.67833,-0.01167,nan,0.011
baseline,0.7,0.02,0.67333,0.03756,0.67833,-0.005,nan,0.02038
baseline,0.7,0.05,0.65333,0.03811,0.67833,-0.025,nan,0.0506
baseline,0.7,0.1,0.70333,0.03658,0.67833,0.025,nan,0.10164
baseline,0.7,0.2,0.67833,0.03741,0.67833,0.0,nan,0.20167
baseline,0.8,0.005,0.67,0.03766,0.67833,-0.00833,nan,0.00498
baseline,0.8,0.01,0.68167,0.03731,0.67833,0.00333,nan,0.00993
baseline,0.8,0.02,0.67667,0.03746,0.67833,-0.00167,nan,0.02011
baseline,0.8,0.05,0.67167,0.03761,0.67833,-0.00667,nan,0.05051
baseline,0.8,0.1,0.675,0.03751,0.67833,-0.00333,nan,0.1004
baseline,0.8,0.2,0.64333,0.03836,0.67833,-0.035,nan,0.20096
baseline,0.886,0.005,0.67833,0.03741,0.67833,0.0,nan,0.00553
baseline,0.886,0.01,0.7,0.0367,0.67833,0.02167,nan,0.00896
baseline,0.886,0.02,0.685,0.0372,0.67833,0.00667,nan,0.01909
baseline,0.886,0.05,0.66667,0.03775,0.67833,-0.01167,nan,0.05011
baseline,0.886,0.1,0.665,0.0378,0.67833,-0.01333,nan,0.1006
baseline,0.886,0.2,0.665,0.0378,0.67833,-0.01333,nan,0.19887
baseline,0.95,0.005,0.665,0.0378,0.67833,-0.01333,nan,0.00522
baseline,0.95,0.01,0.68667,0.03715,0.67833,0.00833,nan,0.01062
baseline,0.95,0.02,0.685,0.0372,0.67833,0.00667,nan,0.01967
baseline,0.95,0.05,0.70667,0.03646,0.67833,0.02833,nan,0.04976
baseline,0.95,0.1,0.66833,0.0377,0.67833,-0.01,nan,0.09842
baseline,0.95,0.2,0.685,0.0372,0.67833,0.00667,nan,0.20402
baseline,0.99,0.005,0.65167,0.03816,0.67833,-0.02667,nan,0.0046
baseline,0.99,0.01,0.69333,0.03693,0.67833,0.015,nan,0.01022
baseline,0.99,0.02,0.68667,0.03715,0.67833,0.00833,nan,0.02024
baseline,0.99,0.05,0.69167,0.03698,0.67833,0.01333,nan,0.05071
baseline,0.99,0.1,0.66833,0.0377,0.67833,-0.01,nan,0.10224
baseline,0.99,0.2,0.68333,0.03725,0.67833,0.005,nan,0.20004
