mode,attackers,ids_per_attacker,condition,minority_win,minority_win_ci,majority_win,influence_gini,nakamoto
split,1,1,ranked-equal,0.43833,0.03974,0.56167,0.0,13
split,1,1,quadratic-equal,0.695,0.03687,0.305,0.07239,11.91333
split,1,2,ranked-equal,0.41167,0.03941,0.58833,0.03692,13
split,1,2,quadratic-equal,0.65833,0.03798,0.34167,0.08248,11.99167
split,1,3,ranked-equal,0.42833,0.03963,0.57167,0.07111,13
split,1,3,quadratic-equal,0.62667,0.03874,0.37333,0.10081,12.00167
split,1,5,ranked-equal,0.38667,0.039,0.61333,0.13241,13
split,1,5,quadratic-equal,0.62,0.03887,0.38,0.13784,12.24833
split,1,8,ranked-equal,0.41667,0.03948,0.58333,0.21,13
split,1,8,quadratic-equal,0.62833,0.0387,0.37167,0.18803,12.81
split,3,1,ranked-equal,0.415,0.03946,0.585,0.0,13
split,3,1,quadratic-equal,0.655,0.03807,0.345,0.07198,11.91333
split,3,2,ranked-equal,0.39833,0.03921,0.60167,0.09429,13
split,3,2,quadratic-equal,0.61,0.03906,0.39,0.095,12.42167
split,3,3,ranked-equal,0.425,0.03959,0.575,0.17032,13
split,3,3,quadratic-equal,0.62,0.03887,0.38,0.13468,12.98
split,3,5,ranked-equal,0.41667,0.03948,0.58333,0.28541,13
split,3,5,quadratic-equal,0.55333,0.03981,0.44667,0.1986,13.855
split,3,8,ranked-equal,0.42,0.03953,0.58,0.40174,13
split,3,8,quadratic-equal,0.53833,0.03992,0.46167,0.26124,14.805
split,5,1,ranked-equal,0.39333,0.03912,0.60667,0.0,13
split,5,1,quadratic-equal,0.66,0.03794,0.34,0.07246,11.90667
split,5,2,ranked-equal,0.405,0.03931,0.595,0.13333,13
split,5,2,quadratic-equal,0.61833,0.0389,0.38167,0.10047,13.00833
split,5,3,ranked-equal,0.41167,0.03941,0.58833,0.22857,13
split,5,3,quadratic-equal,0.545,0.03988,0.455,0.14837,13.98667
split,5,5,ranked-equal,0.40833,0.03936,0.59167,0.35556,13
split,5,5,quadratic-equal,0.55,0.03984,0.45,0.2117,15.48
split,5,8,ranked-equal,0.40833,0.03936,0.59167,0.46667,13
split,5,8,quadratic-equal,0.47,0.03997,0.53,0.26365,17.415
fresh,1,1,ranked-equal,0.42833,0.03963,0.57167,0.0,13
fresh,1,1,quadratic-equal,0.65333,0.03811,0.34667,0.07244,11.90333
fresh,1,2,ranked-equal,0.41167,0.03941,0.58833,0.0,14
fresh,1,2,quadratic-equal,0.675,0.03751,0.325,0.07169,12.01667
fresh,1,3,ranked-equal,0.41167,0.03941,0.58833,0.0,14
fresh,1,3,quadratic-equal,0.595,0.03931,0.405,0.07119,12.76833
fresh,1,5,ranked-equal,0.37333,0.03874,0.62667,0.0,15
fresh,1,5,quadratic-equal,0.555,0.0398,0.445,0.06833,13.73833
fresh,1,8,ranked-equal,0.34833,0.03816,0.65167,0.0,17
fresh,1,8,quadratic-equal,0.495,0.04004,0.505,0.06523,14.95
fresh,3,1,ranked-equal,0.42667,0.03961,0.57333,0.0,13
fresh,3,1,quadratic-equal,0.67,0.03766,0.33,0.07194,11.915
fresh,3,2,ranked-equal,0.33667,0.03785,0.66333,0.0,15
fresh,3,2,quadratic-equal,0.60667,0.03912,0.39333,0.07045,13.00167
fresh,3,3,ranked-equal,0.35667,0.03836,0.64333,0.0,16
fresh,3,3,quadratic-equal,0.515,0.04002,0.485,0.06817,14.585
fresh,3,5,ranked-equal,0.34333,0.03803,0.65667,0.0,19
fresh,3,5,quadratic-equal,0.46167,0.03992,0.53833,0.06411,17.38167
fresh,3,8,ranked-equal,0.29,0.03634,0.71,0.0,24
fresh,3,8,quadratic-equal,0.36667,0.03859,0.63333,0.05965,21.61833
fresh,5,1,ranked-equal,0.40167,0.03926,0.59833,0.0,13
fresh,5,1,quadratic-equal,0.66667,0.03775,0.33333,0.07249,11.905
fresh,5,2,ranked-equal,0.325,0.03751,0.675,0.0,16
fresh,5,2,quadratic-equal,0.56667,0.03968,0.43333,0.06829,14.01
fresh,5,3,ranked-equal,0.35,0.0382,0.65,0.0,18
fresh,5,3,quadratic-equal,0.46333,0.03993,0.53667,0.06624,16.40333
fresh,5,5,ranked-equal,0.28667,0.03621,0.71333,0.0,23
fresh,5,5,quadratic-equal,0.33833,0.03789,0.66167,0.06068,21.12167
fresh,5,8,ranked-equal,0.21833,0.03308,0.78167,0.0,31
fresh,5,8,quadratic-equal,0.28833,0.03628,0.71167,0.05808,28.09333
