strategic_share,method,minority_win,minority_win_ci,regret,regret_ci
0.0,PAI raw sum,0.996,0.00391,0.00071,0.00071
0.0,PAI utilitarian,0.591,0.03049,0.0954,0.00747
0.0,PAI borda,0.499,0.03101,0.12216,0.00801
0.0,vote quadratic-equal,0.821,0.02377,0.03244,0.0044
0.0,vote ranked-equal,0.596,0.03043,0.08625,0.0067
0.2,PAI raw sum,0.665,0.02927,0.07941,0.00724
0.2,PAI utilitarian,0.375,0.03002,0.15686,0.00806
0.2,PAI borda,0.334,0.02925,0.16972,0.00804
0.2,vote quadratic-equal,0.606,0.0303,0.08687,0.00693
0.2,vote ranked-equal,0.355,0.02967,0.15868,0.00778
0.4,PAI raw sum,0.426,0.03066,0.14053,0.00806
0.4,PAI utilitarian,0.241,0.02652,0.19298,0.00753
0.4,PAI borda,0.24,0.02648,0.19424,0.00758
0.4,vote quadratic-equal,0.39,0.03025,0.14495,0.00769
0.4,vote ranked-equal,0.235,0.02629,0.19261,0.00738
0.6,PAI raw sum,0.251,0.02689,0.19172,0.00757
0.6,PAI utilitarian,0.189,0.02428,0.20921,0.00705
0.6,PAI borda,0.209,0.02521,0.20481,0.00731
0.6,vote quadratic-equal,0.283,0.02793,0.17732,0.00745
0.6,vote ranked-equal,0.175,0.02356,0.21273,0.00688
0.8,PAI raw sum,0.167,0.02313,0.2142,0.00677
0.8,PAI utilitarian,0.14,0.02152,0.22287,0.0065
0.8,PAI borda,0.142,0.02165,0.22299,0.00655
0.8,vote quadratic-equal,0.183,0.02398,0.20739,0.00681
0.8,vote ranked-equal,0.137,0.02132,0.22339,0.00644
1.0,PAI raw sum,0.093,0.01801,0.23922,0.00593
1.0,PAI utilitarian,0.096,0.01827,0.23819,0.00597
1.0,PAI borda,0.105,0.01901,0.236,0.00614
1.0,vote quadratic-equal,0.128,0.02072,0.22577,0.00629
1.0,vote ranked-equal,0.079,0.01673,0.24365,0.00569
