condition,round,minority_share
ranked-20/80,1,0.0746
ranked-20/80,2,0.06647
ranked-20/80,3,0.06487
ranked-20/80,4,0.06807
ranked-20/80,5,0.06647
ranked-20/80,6,0.06627
quadratic-equal,1,0.12893
quadratic-equal,2,0.11227
quadratic-equal,3,0.10987
quadratic-equal,4,0.1094
quadratic-equal,5,0.11347
quadratic-equal,6,0.1148
pol2-free-talk,1,0.165
pol2-free-talk,2,0.12787
pol2-free-talk,3,0.11393
pol2-free-talk,4,0.11347
pol2-free-talk,5,0.10747
pol2-free-talk,6,0.11607
pol2,1,0.2
pol2,2,0.2
pol2,3,0.2
pol2,4,0.2
pol2,5,0.2
pol2,6,0.2
