scenario,power_holders,behavior,condition,rule,power,moderation,screening,reps,minority_win,majority_win,optimum_hit,regret,influence_gini,nakamoto,minority_voice_share,hostile_miss_rate,benign_flag_rate
baseline,random,sincere,quadratic-equal,quadratic,equal,free,False,1000,0.98,0.02,0.98,0.0027,0.0646,12,0.2018,nan,0.0
baseline,random,sincere,quadratic-20/80,quadratic,20/80,free,False,1000,0.871,0.129,0.871,0.0295,0.3399,5.369,0.2004,nan,0.0
baseline,random,sincere,ranked-equal,linear,equal,free,False,1000,0.957,0.043,0.957,0.0066,0.0,13,0.2018,nan,0.0
baseline,random,sincere,ranked-20/80,linear,20/80,free,False,1000,0.704,0.296,0.704,0.0748,0.6,4,0.2004,nan,0.0
baseline,random,sincere,pol2,quadratic,equal,round_robin,True,1000,0.986,0.014,0.986,0.0016,0.0642,12,0.2,nan,0.0244
baseline,random,sincere,pol2-no-screening,quadratic,equal,round_robin,False,1000,0.993,0.007,0.993,0.0006,0.0647,12,0.2,nan,0.0
baseline,random,sincere,pol2-free-talk,quadratic,equal,free,True,1000,0.97,0.03,0.97,0.0044,0.0641,12,0.2018,nan,0.0254
baseline,random,strategic,quadratic-equal,quadratic,equal,free,False,1000,0.658,0.342,0.658,0.0729,0.0724,11.894,0.1996,nan,0.0
baseline,random,strategic,quadratic-20/80,quadratic,20/80,free,False,1000,0.586,0.414,0.586,0.1005,0.3351,5.518,0.2005,nan,0.0
baseline,random,strategic,ranked-equal,linear,equal,free,False,1000,0.415,0.585,0.415,0.1399,0.0,13,0.1996,nan,0.0
baseline,random,strategic,ranked-20/80,linear,20/80,free,False,1000,0.454,0.546,0.454,0.1394,0.6,4,0.2005,nan,0.0
baseline,random,strategic,pol2,quadratic,equal,round_robin,True,1000,0.605,0.395,0.605,0.0867,0.0725,11.904,0.2,nan,0.0252
baseline,random,strategic,pol2-no-screening,quadratic,equal,round_robin,False,1000,0.699,0.301,0.699,0.0627,0.0721,11.924,0.2,nan,0.0
baseline,random,strategic,pol2-free-talk,quadratic,equal,free,True,1000,0.601,0.399,0.601,0.0875,0.0729,11.876,0.1996,nan,0.0239
baseline,majority,sincere,quadratic-equal,quadratic,equal,free,False,1000,0.978,0.022,0.978,0.0029,0.0644,12,0.1983,nan,0.0
baseline,majority,sincere,quadratic-20/80,quadratic,20/80,free,False,1000,0.553,0.447,0.553,0.1032,0.3596,5,0.1251,nan,0.0
baseline,majority,sincere,ranked-equal,linear,equal,free,False,1000,0.944,0.056,0.944,0.0089,0.0,13,0.1983,nan,0.0
baseline,majority,sincere,ranked-20/80,linear,20/80,free,False,1000,0.183,0.817,0.183,0.2106,0.6,4,0.1251,nan,0.0
baseline,majority,sincere,pol2,quadratic,equal,round_robin,True,1000,0.968,0.032,0.968,0.0039,0.0641,12,0.2,nan,0.0251
baseline,majority,sincere,pol2-no-screening,quadratic,equal,round_robin,False,1000,0.984,0.016,0.984,0.0017,0.0646,12,0.2,nan,0.0
baseline,majority,sincere,pol2-free-talk,quadratic,equal,free,True,1000,0.97,0.03,0.97,0.0041,0.064,12,0.1983,nan,0.0229
baseline,majority,strategic,quadratic-equal,quadratic,equal,free,False,1000,0.676,0.324,0.676,0.069,0.0728,11.886,0.1984,nan,0.0
baseline,majority,strategic,quadratic-20/80,quadratic,20/80,free,False,1000,0.235,0.765,0.235,0.1929,0.3508,5.114,0.1242,nan,0.0
baseline,majority,strategic,ranked-equal,linear,equal,free,False,1000,0.431,0.569,0.431,0.1364,0.0,13,0.1984,nan,0.0
baseline,majority,strategic,ranked-20/80,linear,20/80,free,False,1000,0.175,0.825,0.175,0.2147,0.6,4,0.1242,nan,0.0
baseline,majority,strategic,pol2,quadratic,equal,round_robin,True,1000,0.591,0.409,0.591,0.0887,0.0731,11.877,0.2,nan,0.0253
baseline,majority,strategic,pol2-no-screening,quadratic,equal,round_robin,False,1000,0.678,0.322,0.678,0.0663,0.0725,11.895,0.2,nan,0.0
baseline,majority,strategic,pol2-free-talk,quadratic,equal,free,True,1000,0.602,0.398,0.602,0.0884,0.0732,11.87,0.1984,nan,0.0234
hostile,random,sincere,quadratic-equal,quadratic,equal,free,False,1000,0.907,0.093,0.907,0.016,0.0623,12,0.1151,1.0,0.0
hostile,random,sincere,quadratic-20/80,quadratic,20/80,free,False,1000,0.738,0.262,0.738,0.0596,0.3402,5.354,0.1144,1.0,0.0
hostile,random,sincere,ranked-equal,linear,equal,free,False,1000,0.828,0.172,0.828,0.0328,0.0,13,0.1151,1.0,0.0
hostile,random,sincere,ranked-20/80,linear,20/80,free,False,1000,0.569,0.431,0.569,0.1071,0.6,4,0.1144,1.0,0.0
hostile,random,sincere,pol2,quadratic,equal,round_robin,True,1000,0.995,0.005,0.995,0.0006,0.0652,12,0.2,0.1995,0.033
hostile,random,sincere,pol2-no-screening,quadratic,equal,round_robin,False,1000,0.993,0.007,0.993,0.0008,0.0646,12,0.2,1.0,0.0
hostile,random,sincere,pol2-free-talk,quadratic,equal,free,True,1000,0.931,0.069,0.931,0.0108,0.0631,12,0.1352,0.1989,0.023
hostile,random,strategic,quadratic-equal,quadratic,equal,free,False,1000,0.364,0.636,0.365,0.1533,0.0742,11.838,0.1161,1.0,0.0
hostile,random,strategic,quadratic-20/80,quadratic,20/80,free,False,1000,0.415,0.585,0.415,0.1464,0.3356,5.518,0.1194,1.0,0.0
hostile,random,strategic,ranked-equal,linear,equal,free,False,1000,0.175,0.825,0.176,0.2124,0.0,13,0.1161,1.0,0.0
hostile,random,strategic,ranked-20/80,linear,20/80,free,False,1000,0.346,0.654,0.346,0.1707,0.6,4,0.1194,1.0,0.0
hostile,random,strategic,pol2,quadratic,equal,round_robin,True,1000,0.746,0.254,0.746,0.0512,0.0718,11.924,0.2,0.1972,0.0334
hostile,random,strategic,pol2-no-screening,quadratic,equal,round_robin,False,1000,0.677,0.323,0.677,0.0674,0.0722,11.909,0.2,1.0,0.0
hostile,random,strategic,pol2-free-talk,quadratic,equal,free,True,1000,0.508,0.492,0.508,0.1156,0.0735,11.87,0.1334,0.203,0.023
hostile,majority,sincere,quadratic-equal,quadratic,equal,free,False,1000,0.908,0.092,0.908,0.0154,0.0626,12,0.1167,1.0,0.0
hostile,majority,sincere,quadratic-20/80,quadratic,20/80,free,False,1000,0.363,0.637,0.363,0.155,0.3582,5,0.0678,1.0,0.0
hostile,majority,sincere,ranked-equal,linear,equal,free,False,1000,0.824,0.176,0.824,0.0332,0.0,13,0.1167,1.0,0.0
hostile,majority,sincere,ranked-20/80,linear,20/80,free,False,1000,0.117,0.883,0.117,0.2307,0.6,4,0.0678,1.0,0.0
hostile,majority,sincere,pol2,quadratic,equal,round_robin,True,1000,0.989,0.011,0.989,0.001,0.0651,12,0.2,0.2013,0.032
hostile,majority,sincere,pol2-no-screening,quadratic,equal,round_robin,False,1000,0.986,0.014,0.986,0.0012,0.0645,12,0.2,1.0,0.0
hostile,majority,sincere,pol2-free-talk,quadratic,equal,free,True,1000,0.948,0.052,0.948,0.0086,0.0633,12,0.1336,0.1997,0.023
hostile,majority,strategic,quadratic-equal,quadratic,equal,free,False,1000,0.364,0.636,0.364,0.1521,0.0743,11.813,0.118,1.0,0.0
hostile,majority,strategic,quadratic-20/80,quadratic,20/80,free,False,1000,0.125,0.875,0.125,0.226,0.3504,5.144,0.0692,1.0,0.0
hostile,majority,strategic,ranked-equal,linear,equal,free,False,1000,0.185,0.815,0.185,0.2073,0.0,13,0.118,1.0,0.0
hostile,majority,strategic,ranked-20/80,linear,20/80,free,False,1000,0.121,0.879,0.121,0.2301,0.6,4,0.0692,1.0,0.0
hostile,majority,strategic,pol2,quadratic,equal,round_robin,True,1000,0.76,0.24,0.76,0.047,0.0723,11.927,0.2,0.2014,0.0325
hostile,majority,strategic,pol2-no-screening,quadratic,equal,round_robin,False,1000,0.673,0.327,0.673,0.0673,0.0727,11.91,0.2,1.0,0.0
hostile,majority,strategic,pol2-free-talk,quadratic,equal,free,True,1000,0.505,0.495,0.505,0.1158,0.0738,11.86,0.1363,0.2018,0.0227
